{"cameraMode":{"drawMode":0,"name":"Shaded","section":"Shading Mode"},"sceneLighting":true,"audioPlay":false,"sceneViewState":{"m_AlwaysRefresh":false,"showFog":true,"showSkybox":true,"showFlares":true,"showImageEffects":true,"showParticleSystems":true,"showVisualEffectGraphs":true,"m_FxEnabled":true},"in2DMode":false,"pivot":{"x":1.094543695449829,"y":1.5123546123504639,"z":-1.8986706733703614},"rotation":{"x":-0.2694322466850281,"y":0.06891142576932907,"z":-0.019184419885277749,"w":-0.9605375528335571},"size":7.304455757141113,"orthographic":false}